<anim ver="netanim-3.108" filetype="animation" >
<node id="0" sysId="0" locX="0" locY="0" />
<node id="1" sysId="0" locX="5" locY="0" />
<node id="2" sysId="0" locX="10" locY="0" />
<node id="3" sysId="0" locX="0" locY="10" />
<node id="4" sysId="0" locX="5" locY="10" />
<nu p="c" t="0" id="0" r="255" g="0" b="0" />
<nu p="c" t="0" id="1" r="255" g="0" b="0" />
<nu p="c" t="0" id="2" r="255" g="0" b="0" />
<nu p="c" t="0" id="3" r="255" g="0" b="0" />
<nu p="c" t="0" id="4" r="255" g="0" b="0" />
<nonp2plinkproperties id="0" ipAddress="192.168.1.1~00:00:00:00:00:01" channelType="ns3::YansWifiChannel" />
<nonp2plinkproperties id="0" ipAddress="127.0.0.1~00:00:00:00:00:00" channelType="Unknown channel" />
<nonp2plinkproperties id="1" ipAddress="192.168.1.2~00:00:00:00:00:02" channelType="ns3::YansWifiChannel" />
<nonp2plinkproperties id="1" ipAddress="127.0.0.1~00:00:00:00:00:00" channelType="Unknown channel" />
<nonp2plinkproperties id="2" ipAddress="192.168.1.3~00:00:00:00:00:03" channelType="ns3::YansWifiChannel" />
<nonp2plinkproperties id="2" ipAddress="127.0.0.1~00:00:00:00:00:00" channelType="Unknown channel" />
<nonp2plinkproperties id="3" ipAddress="192.168.1.4~00:00:00:00:00:04" channelType="ns3::YansWifiChannel" />
<nonp2plinkproperties id="3" ipAddress="127.0.0.1~00:00:00:00:00:00" channelType="Unknown channel" />
<nonp2plinkproperties id="4" ipAddress="192.168.1.5~00:00:00:00:00:05" channelType="ns3::YansWifiChannel" />
<nonp2plinkproperties id="4" ipAddress="127.0.0.1~00:00:00:00:00:00" channelType="Unknown channel" />
<ip n="0" >
<address >192.168.1.1</address>

<address >127.0.0.1</address>

</ip>
<ip n="0" >
<address >192.168.1.1</address>

<address >127.0.0.1</address>

</ip>
<ip n="1" >
<address >192.168.1.2</address>

<address >127.0.0.1</address>

</ip>
<ip n="1" >
<address >192.168.1.2</address>

<address >127.0.0.1</address>

</ip>
<ip n="2" >
<address >192.168.1.3</address>

<address >127.0.0.1</address>

</ip>
<ip n="2" >
<address >192.168.1.3</address>

<address >127.0.0.1</address>

</ip>
<ip n="3" >
<address >192.168.1.4</address>

<address >127.0.0.1</address>

</ip>
<ip n="3" >
<address >192.168.1.4</address>

<address >127.0.0.1</address>

</ip>
<ip n="4" >
<address >192.168.1.5</address>

<address >127.0.0.1</address>

</ip>
<ip n="4" >
<address >192.168.1.5</address>

<address >127.0.0.1</address>

</ip>
<ipv6 n="0" >
<address >::1</address>

</ipv6>
<ipv6 n="1" >
<address >::1</address>

</ipv6>
<ipv6 n="2" >
<address >::1</address>

</ipv6>
<ipv6 n="3" >
<address >::1</address>

</ipv6>
<ipv6 n="4" >
<address >::1</address>

</ipv6>
<nu p="s" t="0" id="0" w="1" h="1" />
<nu p="s" t="0" id="1" w="1" h="1" />
<nu p="s" t="0" id="2" w="1" h="1" />
<nu p="s" t="0" id="3" w="1" h="1" />
<nu p="s" t="0" id="4" w="1" h="1" />
<ncs ncId="0" n="RemainingEnergy" t="DOUBLE" />
<nu p="d" t="0" id="0" descr="SRV-0" />
<nu p="c" t="0" id="0" r="255" g="0" b="0" />
<nu p="d" t="0" id="1" descr="HOC-1" />
<nu p="c" t="0" id="1" r="0" g="0" b="255" />
<nu p="d" t="0" id="2" descr="HOC-2" />
<nu p="c" t="0" id="2" r="0" g="0" b="255" />
<nu p="d" t="0" id="3" descr="CLI-3" />
<nu p="c" t="0" id="3" r="0" g="255" b="0" />
<nu p="d" t="0" id="4" descr="CLI-4" />
<nu p="c" t="0" id="4" r="0" g="255" b="0" />
<ncs ncId="1" n="WifiMac Tx" t="DOUBLE" />
<ncs ncId="2" n="WifiMac TxDrop" t="DOUBLE" />
<ncs ncId="3" n="WifiMac Rx" t="DOUBLE" />
<ncs ncId="4" n="WifiMac RxDrop" t="DOUBLE" />
<nc c="1" i="0" t="0" v="0" />
<nc c="2" i="0" t="0" v="0" />
<nc c="3" i="0" t="0" v="0" />
<nc c="4" i="0" t="0" v="0" />
<nc c="1" i="1" t="0" v="0" />
<nc c="2" i="1" t="0" v="0" />
<nc c="3" i="1" t="0" v="0" />
<nc c="4" i="1" t="0" v="0" />
<nc c="1" i="2" t="0" v="0" />
<nc c="2" i="2" t="0" v="0" />
<nc c="3" i="2" t="0" v="0" />
<nc c="4" i="2" t="0" v="0" />
<nc c="1" i="3" t="0" v="0" />
<nc c="2" i="3" t="0" v="0" />
<nc c="3" i="3" t="0" v="0" />
<nc c="4" i="3" t="0" v="0" />
<nc c="1" i="4" t="0" v="0" />
<nc c="2" i="4" t="0" v="0" />
<nc c="3" i="4" t="0" v="0" />
<nc c="4" i="4" t="0" v="0" />
<ncs ncId="5" n="WifiPhy TxDrop" t="DOUBLE" />
<ncs ncId="6" n="WifiPhy RxDrop" t="DOUBLE" />
<nc c="5" i="0" t="0" v="0" />
<nc c="6" i="0" t="0" v="0" />
<nc c="5" i="1" t="0" v="0" />
<nc c="6" i="1" t="0" v="0" />
<nc c="5" i="2" t="0" v="0" />
<nc c="6" i="2" t="0" v="0" />
<nc c="5" i="3" t="0" v="0" />
<nc c="6" i="3" t="0" v="0" />
<nc c="5" i="4" t="0" v="0" />
<nc c="6" i="4" t="0" v="0" />
<nu p="p" t="0" id="0" x="0" y="0" />
<nu p="p" t="0" id="1" x="5" y="0" />
<nu p="p" t="0" id="2" x="10" y="0" />
<nu p="p" t="0" id="3" x="0" y="10" />
<nu p="p" t="0" id="4" x="5" y="10" />
<nc c="1" i="0" t="0" v="0" />
<nc c="2" i="0" t="0" v="0" />
<nc c="3" i="0" t="0" v="0" />
<nc c="4" i="0" t="0" v="0" />
<nc c="1" i="1" t="0" v="0" />
<nc c="2" i="1" t="0" v="0" />
<nc c="3" i="1" t="0" v="0" />
<nc c="4" i="1" t="0" v="0" />
<nc c="1" i="2" t="0" v="0" />
<nc c="2" i="2" t="0" v="0" />
<nc c="3" i="2" t="0" v="0" />
<nc c="4" i="2" t="0" v="0" />
<nc c="1" i="3" t="0" v="0" />
<nc c="2" i="3" t="0" v="0" />
<nc c="3" i="3" t="0" v="0" />
<nc c="4" i="3" t="0" v="0" />
<nc c="1" i="4" t="0" v="0" />
<nc c="2" i="4" t="0" v="0" />
<nc c="3" i="4" t="0" v="0" />
<nc c="4" i="4" t="0" v="0" />
<nc c="5" i="0" t="0" v="0" />
<nc c="6" i="0" t="0" v="0" />
<nc c="5" i="1" t="0" v="0" />
<nc c="6" i="1" t="0" v="0" />
<nc c="5" i="2" t="0" v="0" />
<nc c="6" i="2" t="0" v="0" />
<nc c="5" i="3" t="0" v="0" />
<nc c="6" i="3" t="0" v="0" />
<nc c="5" i="4" t="0" v="0" />
<nc c="6" i="4" t="0" v="0" />
<nu p="p" t="0.25" id="1" x="5.560921656" y="-0.1056060884" />
<nu p="p" t="0.25" id="2" x="9.193849211" y="0.3518546681" />
<nu p="p" t="0.25" id="3" x="0.1325151232" y="9.426965823" />
<nu p="p" t="0.25" id="4" x="5.115569713" y="10.77693958" />
<nu p="p" t="0.284222921" id="2" x="9.083493872" y="0.4000206461" />
<nu p="p" t="0.309054769" id="0" x="-0.9031839783" y="-0.4292536541" />
<nu p="p" t="0.318273464" id="4" x="5.147131091" y="10.989117" />
<nu p="p" t="0.425056717" id="3" x="0.2253057729" y="9.025711897" />
<nu p="p" t="0.437999855" id="1" x="5.982734416" y="-0.1850218057" />
<nu p="p" t="0.5" id="1" x="6.168789338" y="-0.05084690771" />
<nu p="p" t="0.5" id="2" x="8.654953078" y="0.2461651965" />
<nu p="p" t="0.5" id="4" x="4.883554832" y="11.63753201" />
<nu p="p" t="0.577905462" id="4" x="4.77056071" y="11.91550501" />
<nu p="p" t="0.693847437" id="0" x="0.07455440908" y="-0.6390813097" />
<nu p="p" t="0.708283656" id="1" x="6.793823351" y="0.3999010429" />
<nu p="p" t="0.75" id="3" x="-0.5146397757" y="9.021781395" />
<nu p="p" t="0.75" id="4" x="5.050396264" y="12.30825946" />
<nu p="p" t="0.758122212" id="2" x="8.142313374" y="0.06211641267" />
<nu p="p" t="0.86419538" id="3" x="-0.7746801198" y="9.020400091" />
<nu p="p" t="0.934763804" id="4" x="5.350832768" y="12.72992772" />
<nu p="p" t="0.94738411" id="0" x="1.04400681" y="-0.8843608373" />
<nc c="1" i="0" t="1" v="0" />
<nc c="2" i="0" t="1" v="0" />
<nc c="3" i="0" t="1" v="0" />
<nc c="4" i="0" t="1" v="0" />
<nc c="1" i="1" t="1" v="0" />
<nc c="2" i="1" t="1" v="0" />
<nc c="3" i="1" t="1" v="0" />
<nc c="4" i="1" t="1" v="0" />
<nc c="1" i="2" t="1" v="0" />
<nc c="2" i="2" t="1" v="0" />
<nc c="3" i="2" t="1" v="0" />
<nc c="4" i="2" t="1" v="0" />
<nc c="1" i="3" t="1" v="0" />
<nc c="2" i="3" t="1" v="0" />
<nc c="3" i="3" t="1" v="0" />
<nc c="4" i="3" t="1" v="0" />
<nc c="1" i="4" t="1" v="0" />
<nc c="2" i="4" t="1" v="0" />
<nc c="3" i="4" t="1" v="0" />
<nc c="4" i="4" t="1" v="0" />
<nc c="5" i="0" t="1" v="0" />
<nc c="6" i="0" t="1" v="0" />
<nc c="5" i="1" t="1" v="0" />
<nc c="6" i="1" t="1" v="0" />
<nc c="5" i="2" t="1" v="0" />
<nc c="6" i="2" t="1" v="0" />
<nc c="5" i="3" t="1" v="0" />
<nc c="6" i="3" t="1" v="0" />
<nc c="5" i="4" t="1" v="0" />
<nc c="6" i="4" t="1" v="0" />
<nu p="p" t="1" id="0" x="0.9408908274" y="-0.7921275534" />
<nu p="p" t="1" id="1" x="6.558241371" y="-0.5326014601" />
<nu p="p" t="1" id="3" x="-1.262752258" y="9.027294739" />
<pr uId="1" fId="4" fbTx="1.00805" meta-info="ns3::WifiMacHeader (DATA ToDS=0, FromDS=0, MoreFrag=0, Retry=0, MoreData=0 Duration/ID=0us, DA=ff:ff:ff:ff:ff:ff, SA=00:00:00:00:00:05, BSSID=00:00:00:00:00:05, FragNumber=0, SeqNumber=0) ns3::LlcSnapHeader (type 0x806) ns3::ArpHeader (request source mac: 00-06-00:00:00:00:00:05 source ipv4: 192.168.1.5 dest ipv4: 192.168.1.1) ns3::WifiMacTrailer ()" />
<wpr uId="1" tId="3" fbRx="1.008054026" lbRx="0" />
<wpr uId="1" tId="2" fbRx="1.008054042" lbRx="0" />
<wpr uId="1" tId="1" fbRx="1.008054044" lbRx="0" />
<wpr uId="1" tId="0" fbRx="1.008054047" lbRx="0" />
<pr uId="2" fId="0" fbTx="1.008804047" meta-info="ns3::WifiMacHeader (DATA ToDS=0, FromDS=0, MoreFrag=0, Retry=0, MoreData=0 Duration/ID=314us, DA=00:00:00:00:00:05, SA=00:00:00:00:00:01, BSSID=00:00:00:00:00:01, FragNumber=0, SeqNumber=0) ns3::LlcSnapHeader (type 0x806) ns3::ArpHeader (reply source mac: 00-06-00:00:00:00:00:01 source ipv4: 192.168.1.1 dest mac: 00-06-00:00:00:00:00:05 dest ipv4: 192.168.1.5) ns3::WifiMacTrailer ()" />
<wpr uId="2" tId="1" fbRx="1.008808066" lbRx="0" />
<wpr uId="2" tId="2" fbRx="1.008808073" lbRx="0" />
<wpr uId="2" tId="3" fbRx="1.008808081" lbRx="0" />
<wpr uId="2" tId="4" fbRx="1.008808094" lbRx="0" />
<pr uId="3" fId="4" fbTx="1.009518094" meta-info="ns3::WifiMacHeader (CTL_ACK Duration/ID=0us, RA=00:00:00:00:00:01) ns3::WifiMacTrailer ()" />
<wpr uId="3" tId="3" fbRx="1.00952212" lbRx="0" />
<wpr uId="3" tId="2" fbRx="1.009522136" lbRx="0" />
<wpr uId="3" tId="1" fbRx="1.009522138" lbRx="0" />
<wpr uId="3" tId="0" fbRx="1.009522141" lbRx="0" />
<pr uId="4" fId="4" fbTx="1.009932094" meta-info="ns3::WifiMacHeader (DATA ToDS=0, FromDS=0, MoreFrag=0, Retry=0, MoreData=0 Duration/ID=314us, DA=00:00:00:00:00:01, SA=00:00:00:00:00:05, BSSID=00:00:00:00:00:05, FragNumber=0, SeqNumber=1) ns3::LlcSnapHeader (type 0x800) ns3::Ipv4Header (tos 0x0 DSCP Default ECN Not-ECT ttl 64 id 0 protocol 17 offset (bytes) 0 flags [none] length: 540 192.168.1.5 &gt; 192.168.1.1) ns3::UdpHeader (length: 520 49153 &gt; 20) Payload (size=512) ns3::WifiMacTrailer ()" />
<wpr uId="4" tId="3" fbRx="1.00993612" lbRx="0" />
<wpr uId="4" tId="2" fbRx="1.009936136" lbRx="0" />
<wpr uId="4" tId="1" fbRx="1.009936138" lbRx="0" />
<wpr uId="4" tId="0" fbRx="1.009936141" lbRx="0" />
<nu p="p" t="1.011586066" id="1" x="6.548884787" y="-0.5696375596" />
<pr uId="5" fId="0" fbTx="1.014742141" meta-info="ns3::WifiMacHeader (CTL_ACK Duration/ID=0us, RA=00:00:00:00:00:05) ns3::WifiMacTrailer ()" />
<wpr uId="5" tId="1" fbRx="1.01474616" lbRx="0" />
<wpr uId="5" tId="2" fbRx="1.014746167" lbRx="0" />
<wpr uId="5" tId="3" fbRx="1.014746175" lbRx="0" />
<wpr uId="5" tId="4" fbRx="1.014746188" lbRx="0" />
<pr uId="6" fId="0" fbTx="1.017782141" meta-info="ns3::WifiMacHeader (DATA ToDS=0, FromDS=0, MoreFrag=0, Retry=0, MoreData=0 Duration/ID=0us, DA=ff:ff:ff:ff:ff:ff, SA=00:00:00:00:00:01, BSSID=00:00:00:00:00:01, FragNumber=0, SeqNumber=1) ns3::LlcSnapHeader (type 0x806) ns3::ArpHeader (request source mac: 00-06-00:00:00:00:00:01 source ipv4: 192.168.1.1 dest ipv4: 192.168.1.5) ns3::WifiMacTrailer ()" />
<wpr uId="6" tId="1" fbRx="1.01778616" lbRx="0" />
<wpr uId="6" tId="2" fbRx="1.017786167" lbRx="0" />
<wpr uId="6" tId="3" fbRx="1.017786174" lbRx="0" />
<wpr uId="6" tId="4" fbRx="1.017786188" lbRx="0" />
<pr uId="7" fId="4" fbTx="1.018536188" meta-info="ns3::WifiMacHeader (DATA ToDS=0, FromDS=0, MoreFrag=0, Retry=0, MoreData=0 Duration/ID=314us, DA=00:00:00:00:00:01, SA=00:00:00:00:00:05, BSSID=00:00:00:00:00:05, FragNumber=0, SeqNumber=2) ns3::LlcSnapHeader (type 0x806) ns3::ArpHeader (reply source mac: 00-06-00:00:00:00:00:05 source ipv4: 192.168.1.5 dest mac: 00-06-00:00:00:00:00:01 dest ipv4: 192.168.1.1) ns3::WifiMacTrailer ()" />
<wpr uId="7" tId="3" fbRx="1.018540214" lbRx="0" />
<wpr uId="7" tId="2" fbRx="1.01854023" lbRx="0" />
<wpr uId="7" tId="1" fbRx="1.018540232" lbRx="0" />
<wpr uId="7" tId="0" fbRx="1.018540235" lbRx="0" />
<pr uId="8" fId="0" fbTx="1.019250235" meta-info="ns3::WifiMacHeader (CTL_ACK Duration/ID=0us, RA=00:00:00:00:00:05) ns3::WifiMacTrailer ()" />
<wpr uId="8" tId="1" fbRx="1.019254254" lbRx="0" />
<wpr uId="8" tId="2" fbRx="1.019254261" lbRx="0" />
<wpr uId="8" tId="3" fbRx="1.019254268" lbRx="0" />
<wpr uId="8" tId="4" fbRx="1.019254282" lbRx="0" />
<pr uId="9" fId="0" fbTx="1.019844235" meta-info="ns3::WifiMacHeader (DATA ToDS=0, FromDS=0, MoreFrag=0, Retry=0, MoreData=0 Duration/ID=314us, DA=00:00:00:00:00:05, SA=00:00:00:00:00:01, BSSID=00:00:00:00:00:01, FragNumber=0, SeqNumber=2) ns3::LlcSnapHeader (type 0x800) ns3::Ipv4Header (tos 0x0 DSCP Default ECN Not-ECT ttl 64 id 0 protocol 17 offset (bytes) 0 flags [none] length: 540 192.168.1.1 &gt; 192.168.1.5) ns3::UdpHeader (length: 520 20 &gt; 49153) Payload (size=512) ns3::WifiMacTrailer ()" />
<wpr uId="9" tId="1" fbRx="1.019848254" lbRx="0" />
<wpr uId="9" tId="2" fbRx="1.019848261" lbRx="0" />
<wpr uId="9" tId="3" fbRx="1.019848268" lbRx="0" />
<wpr uId="9" tId="4" fbRx="1.019848282" lbRx="0" />
<pr uId="10" fId="4" fbTx="1.024654282" meta-info="ns3::WifiMacHeader (CTL_ACK Duration/ID=0us, RA=00:00:00:00:00:01) ns3::WifiMacTrailer ()" />
<wpr uId="10" tId="3" fbRx="1.024658308" lbRx="0" />
<wpr uId="10" tId="2" fbRx="1.024658324" lbRx="0" />
<wpr uId="10" tId="1" fbRx="1.024658326" lbRx="0" />
<wpr uId="10" tId="0" fbRx="1.024658329" lbRx="0" />
<nu p="p" t="1.133256086" id="2" x="9.033415732" y="0.5159187812" />
<nu p="p" t="1.142414646" id="3" x="-1.77458036" y="9.034524971" />
<nu p="p" t="1.25" id="1" x="6.23850023" y="-1.144673842" />
<nu p="p" t="1.25" id="4" x="6.157555957" y="12.36107382" />
<nu p="p" t="1.290140205" id="4" x="6.260279041" y="12.31410627" />
<nu p="p" t="1.327702447" id="0" x="0.2986635519" y="-0.2176799325" />
<nu p="p" t="1.376436613" id="1" x="6.073895875" y="-1.449629339" />
<nu p="p" t="1.407532644" id="3" x="-1.638989236" y="10.02528985" />
<nu p="p" t="1.42943739" id="2" x="9.785553659" y="-0.1430869381" />
<nu p="p" t="1.5" id="0" x="0.6357774731" y="0.1021119529" />
<nu p="p" t="1.5" id="1" x="5.921496664" y="-1.102496598" />
<nu p="p" t="1.5" id="4" x="6.619415299" y="11.84681528" />
<nu p="p" t="1.646223842" id="4" x="6.869650382" y="11.52122131" />
<nu p="p" t="1.68702141" id="3" x="-1.782292567" y="11.01496866" />
<nu p="p" t="1.698502741" id="0" x="1.024163937" y="0.4705418273" />
<nu p="p" t="1.700260159" id="2" x="9.235829562" y="-0.978433223" />
<nu p="p" t="1.702364213" id="1" x="5.671906984" y="-0.5339847941" />
<nu p="p" t="1.75" id="0" x="0.9093217891" y="0.5399032154" />
<nu p="p" t="1.75" id="2" x="9.243157503" y="-1.084881899" />
<nu p="p" t="1.966990735" id="1" x="6.079517638" y="0.3791710264" />
<nc c="1" i="0" t="2" v="3" />
<nc c="2" i="0" t="2" v="0" />
<nc c="3" i="0" t="2" v="3" />
<nc c="4" i="0" t="2" v="0" />
<nc c="1" i="1" t="2" v="0" />
<nc c="2" i="1" t="2" v="0" />
<nc c="3" i="1" t="2" v="2" />
<nc c="4" i="1" t="2" v="0" />
<nc c="1" i="2" t="2" v="0" />
<nc c="2" i="2" t="2" v="0" />
<nc c="3" i="2" t="2" v="2" />
<nc c="4" i="2" t="2" v="0" />
<nc c="1" i="3" t="2" v="0" />
<nc c="2" i="3" t="2" v="0" />
<nc c="3" i="3" t="2" v="2" />
<nc c="4" i="3" t="2" v="0" />
<nc c="1" i="4" t="2" v="3" />
<nc c="2" i="4" t="2" v="0" />
<nc c="3" i="4" t="2" v="3" />
<nc c="4" i="4" t="2" v="0" />
<nc c="5" i="0" t="2" v="0" />
<nc c="6" i="0" t="2" v="0" />
<nc c="5" i="1" t="2" v="0" />
<nc c="6" i="1" t="2" v="0" />
<nc c="5" i="2" t="2" v="0" />
<nc c="6" i="2" t="2" v="0" />
<nc c="5" i="3" t="2" v="0" />
<nc c="6" i="3" t="2" v="0" />
<nc c="5" i="4" t="2" v="0" />
<nc c="6" i="4" t="2" v="0" />
<nu p="p" t="2" id="4" x="7.293739226" y="10.94856064" />
<pr uId="11" fId="4" fbTx="2.00005" meta-info="ns3::WifiMacHeader (DATA ToDS=0, FromDS=0, MoreFrag=0, Retry=0, MoreData=0 Duration/ID=314us, DA=00:00:00:00:00:01, SA=00:00:00:00:00:05, BSSID=00:00:00:00:00:05, FragNumber=0, SeqNumber=3) ns3::LlcSnapHeader (type 0x800) ns3::Ipv4Header (tos 0x0 DSCP Default ECN Not-ECT ttl 64 id 1 protocol 17 offset (bytes) 0 flags [none] length: 540 192.168.1.5 &gt; 192.168.1.1) ns3::UdpHeader (length: 520 49153 &gt; 20) Payload (size=512) ns3::WifiMacTrailer ()" />
<wpr uId="11" tId="3" fbRx="2.000054028" lbRx="0" />
<wpr uId="11" tId="1" fbRx="2.000054036" lbRx="0" />
<wpr uId="11" tId="0" fbRx="2.000054041" lbRx="0" />
<wpr uId="11" tId="2" fbRx="2.000054042" lbRx="0" />
<pr uId="12" fId="0" fbTx="2.004860041" meta-info="ns3::WifiMacHeader (CTL_ACK Duration/ID=0us, RA=00:00:00:00:00:05) ns3::WifiMacTrailer ()" />
<wpr uId="12" tId="1" fbRx="2.00486406" lbRx="0" />
<wpr uId="12" tId="2" fbRx="2.004864072" lbRx="0" />
<wpr uId="12" tId="3" fbRx="2.004864076" lbRx="0" />
<wpr uId="12" tId="4" fbRx="2.004864082" lbRx="0" />
<pr uId="13" fId="0" fbTx="2.005214041" meta-info="ns3::WifiMacHeader (DATA ToDS=0, FromDS=0, MoreFrag=0, Retry=0, MoreData=0 Duration/ID=314us, DA=00:00:00:00:00:05, SA=00:00:00:00:00:01, BSSID=00:00:00:00:00:01, FragNumber=0, SeqNumber=3) ns3::LlcSnapHeader (type 0x800) ns3::Ipv4Header (tos 0x0 DSCP Default ECN Not-ECT ttl 64 id 1 protocol 17 offset (bytes) 0 flags [none] length: 540 192.168.1.1 &gt; 192.168.1.5) ns3::UdpHeader (length: 520 20 &gt; 49153) Payload (size=512) ns3::WifiMacTrailer ()" />
<wpr uId="13" tId="1" fbRx="2.00521806" lbRx="0" />
<wpr uId="13" tId="2" fbRx="2.005218072" lbRx="0" />
<wpr uId="13" tId="3" fbRx="2.005218076" lbRx="0" />
<wpr uId="13" tId="4" fbRx="2.005218082" lbRx="0" />
<pr uId="14" fId="4" fbTx="2.010024082" meta-info="ns3::WifiMacHeader (CTL_ACK Duration/ID=0us, RA=00:00:00:00:00:01) ns3::WifiMacTrailer ()" />
<wpr uId="14" tId="3" fbRx="2.01002811" lbRx="0" />
<wpr uId="14" tId="1" fbRx="2.010028118" lbRx="0" />
<wpr uId="14" tId="0" fbRx="2.010028123" lbRx="0" />
<wpr uId="14" tId="2" fbRx="2.010028124" lbRx="0" />
<pr uId="15" fId="3" fbTx="2.01049811" meta-info="ns3::WifiMacHeader (DATA ToDS=0, FromDS=0, MoreFrag=0, Retry=0, MoreData=0 Duration/ID=0us, DA=ff:ff:ff:ff:ff:ff, SA=00:00:00:00:00:04, BSSID=00:00:00:00:00:04, FragNumber=0, SeqNumber=0) ns3::LlcSnapHeader (type 0x806) ns3::ArpHeader (request source mac: 00-06-00:00:00:00:00:04 source ipv4: 192.168.1.4 dest ipv4: 192.168.1.1) ns3::WifiMacTrailer ()" />
<wpr uId="15" tId="4" fbRx="2.010502138" lbRx="0" />
<wpr uId="15" tId="0" fbRx="2.010502145" lbRx="0" />
<wpr uId="15" tId="1" fbRx="2.010502154" lbRx="0" />
<wpr uId="15" tId="2" fbRx="2.010502165" lbRx="0" />
<pr uId="16" fId="0" fbTx="2.011272145" meta-info="ns3::WifiMacHeader (DATA ToDS=0, FromDS=0, MoreFrag=0, Retry=0, MoreData=0 Duration/ID=314us, DA=00:00:00:00:00:04, SA=00:00:00:00:00:01, BSSID=00:00:00:00:00:01, FragNumber=0, SeqNumber=4) ns3::LlcSnapHeader (type 0x806) ns3::ArpHeader (reply source mac: 00-06-00:00:00:00:00:01 source ipv4: 192.168.1.1 dest mac: 00-06-00:00:00:00:00:04 dest ipv4: 192.168.1.4) ns3::WifiMacTrailer ()" />
<wpr uId="16" tId="1" fbRx="2.011276164" lbRx="0" />
<wpr uId="16" tId="2" fbRx="2.011276176" lbRx="0" />
<wpr uId="16" tId="3" fbRx="2.01127618" lbRx="0" />
<wpr uId="16" tId="4" fbRx="2.011276186" lbRx="0" />
<pr uId="17" fId="3" fbTx="2.01198618" meta-info="ns3::WifiMacHeader (CTL_ACK Duration/ID=0us, RA=00:00:00:00:00:01) ns3::WifiMacTrailer ()" />
<wpr uId="17" tId="4" fbRx="2.011990208" lbRx="0" />
<wpr uId="17" tId="0" fbRx="2.011990215" lbRx="0" />
<wpr uId="17" tId="1" fbRx="2.011990224" lbRx="0" />
<wpr uId="17" tId="2" fbRx="2.011990235" lbRx="0" />
<pr uId="18" fId="3" fbTx="2.01236018" meta-info="ns3::WifiMacHeader (DATA ToDS=0, FromDS=0, MoreFrag=0, Retry=0, MoreData=0 Duration/ID=314us, DA=00:00:00:00:00:01, SA=00:00:00:00:00:04, BSSID=00:00:00:00:00:04, FragNumber=0, SeqNumber=1) ns3::LlcSnapHeader (type 0x800) ns3::Ipv4Header (tos 0x0 DSCP Default ECN Not-ECT ttl 64 id 0 protocol 17 offset (bytes) 0 flags [none] length: 540 192.168.1.4 &gt; 192.168.1.1) ns3::UdpHeader (length: 520 49153 &gt; 20) Payload (size=512) ns3::WifiMacTrailer ()" />
<wpr uId="18" tId="4" fbRx="2.012364208" lbRx="0" />
<wpr uId="18" tId="0" fbRx="2.012364215" lbRx="0" />
<wpr uId="18" tId="1" fbRx="2.012364224" lbRx="0" />
<wpr uId="18" tId="2" fbRx="2.012364235" lbRx="0" />
<pr uId="19" fId="0" fbTx="2.017170215" meta-info="ns3::WifiMacHeader (CTL_ACK Duration/ID=0us, RA=00:00:00:00:00:04) ns3::WifiMacTrailer ()" />
<wpr uId="19" tId="1" fbRx="2.017174234" lbRx="0" />
<wpr uId="19" tId="2" fbRx="2.017174246" lbRx="0" />
<wpr uId="19" tId="3" fbRx="2.01717425" lbRx="0" />
<wpr uId="19" tId="4" fbRx="2.017174256" lbRx="0" />
<pr uId="20" fId="0" fbTx="2.018210215" meta-info="ns3::WifiMacHeader (DATA ToDS=0, FromDS=0, MoreFrag=0, Retry=0, MoreData=0 Duration/ID=0us, DA=ff:ff:ff:ff:ff:ff, SA=00:00:00:00:00:01, BSSID=00:00:00:00:00:01, FragNumber=0, SeqNumber=5) ns3::LlcSnapHeader (type 0x806) ns3::ArpHeader (request source mac: 00-06-00:00:00:00:00:01 source ipv4: 192.168.1.1 dest ipv4: 192.168.1.4) ns3::WifiMacTrailer ()" />
<wpr uId="20" tId="1" fbRx="2.018214234" lbRx="0" />
<wpr uId="20" tId="2" fbRx="2.018214246" lbRx="0" />
<wpr uId="20" tId="3" fbRx="2.01821425" lbRx="0" />
<wpr uId="20" tId="4" fbRx="2.018214256" lbRx="0" />
<pr uId="21" fId="3" fbTx="2.01896425" meta-info="ns3::WifiMacHeader (DATA ToDS=0, FromDS=0, MoreFrag=0, Retry=0, MoreData=0 Duration/ID=314us, DA=00:00:00:00:00:01, SA=00:00:00:00:00:04, BSSID=00:00:00:00:00:04, FragNumber=0, SeqNumber=2) ns3::LlcSnapHeader (type 0x806) ns3::ArpHeader (reply source mac: 00-06-00:00:00:00:00:04 source ipv4: 192.168.1.4 dest mac: 00-06-00:00:00:00:00:01 dest ipv4: 192.168.1.1) ns3::WifiMacTrailer ()" />
<wpr uId="21" tId="4" fbRx="2.018968278" lbRx="0" />
<wpr uId="21" tId="0" fbRx="2.018968285" lbRx="0" />
<wpr uId="21" tId="1" fbRx="2.018968294" lbRx="0" />
<wpr uId="21" tId="2" fbRx="2.018968305" lbRx="0" />
<pr uId="22" fId="0" fbTx="2.019678285" meta-info="ns3::WifiMacHeader (CTL_ACK Duration/ID=0us, RA=00:00:00:00:00:04) ns3::WifiMacTrailer ()" />
<wpr uId="22" tId="1" fbRx="2.019682304" lbRx="0" />
<wpr uId="22" tId="2" fbRx="2.019682316" lbRx="0" />
<wpr uId="22" tId="3" fbRx="2.01968232" lbRx="0" />
<wpr uId="22" tId="4" fbRx="2.019682326" lbRx="0" />
<pr uId="23" fId="0" fbTx="2.020052285" meta-info="ns3::WifiMacHeader (DATA ToDS=0, FromDS=0, MoreFrag=0, Retry=0, MoreData=0 Duration/ID=314us, DA=00:00:00:00:00:04, SA=00:00:00:00:00:01, BSSID=00:00:00:00:00:01, FragNumber=0, SeqNumber=6) ns3::LlcSnapHeader (type 0x800) ns3::Ipv4Header (tos 0x0 DSCP Default ECN Not-ECT ttl 64 id 0 protocol 17 offset (bytes) 0 flags [none] length: 540 192.168.1.1 &gt; 192.168.1.4) ns3::UdpHeader (length: 520 20 &gt; 49153) Payload (size=512) ns3::WifiMacTrailer ()" />
<wpr uId="23" tId="1" fbRx="2.020056304" lbRx="0" />
<wpr uId="23" tId="2" fbRx="2.020056316" lbRx="0" />
<wpr uId="23" tId="3" fbRx="2.02005632" lbRx="0" />
<wpr uId="23" tId="4" fbRx="2.020056326" lbRx="0" />
<pr uId="24" fId="3" fbTx="2.02486232" meta-info="ns3::WifiMacHeader (CTL_ACK Duration/ID=0us, RA=00:00:00:00:00:01) ns3::WifiMacTrailer ()" />
<wpr uId="24" tId="4" fbRx="2.024866348" lbRx="0" />
<wpr uId="24" tId="0" fbRx="2.024866355" lbRx="0" />
<wpr uId="24" tId="1" fbRx="2.024866364" lbRx="0" />
<wpr uId="24" tId="2" fbRx="2.024866375" lbRx="0" />
<nu p="p" t="2.08234362" id="0" x="0.1681744737" y="0.9875350942" />
<nu p="p" t="2.142685612" id="4" x="7.464783472" y="10.71759415" />
<nu p="p" t="2.166422843" id="2" x="9.304507161" y="-1.976072128" />
<nu p="p" t="2.174845615" id="3" x="-0.8040831522" y="11.22258933" />
<nu p="p" t="2.25" id="0" x="0.4075428243" y="1.375743749" />
<nu p="p" t="2.25" id="1" x="5.860407758" y="-0.3886607632" />
<nu p="p" t="2.25" id="2" x="9.419101338" y="-2.153830226" />
<nu p="p" t="2.321424496" id="1" x="5.805109876" y="-0.5824423999" />
<nu p="p" t="2.449951753" id="0" x="0.693020307" y="1.838732399" />
<nu p="p" t="2.5" id="3" x="-0.579658145" y="10.5884443" />
<nu p="p" t="2.5" id="4" x="6.58513142" y="10.99881729" />
<nu p="p" t="2.529593888" id="4" x="6.512275903" y="11.02210906" />
<nu p="p" t="2.561597675" id="2" x="9.846338643" y="-2.816559275" />
<nu p="p" t="2.658212845" id="3" x="-0.4704579603" y="10.27988353" />
<nu p="p" t="2.713357046" id="1" x="4.838479782" y="-0.8386186328" />
<nu p="p" t="2.75" id="4" x="5.860023753" y="11.32442147" />
<nu p="p" t="2.83617938" id="4" x="5.604991416" y="11.44262643" />
<nu p="p" t="2.875058185" id="2" x="8.855333842" y="-2.950385607" />
<nu p="p" t="2.880207216" id="0" x="0.3615594645" y="0.8952634227" />
<nu p="p" t="2.948338232" id="3" x="-1.397680936" y="10.65439328" />
<nc c="1" i="0" t="3" v="7" />
<nc c="2" i="0" t="3" v="0" />
<nc c="3" i="0" t="3" v="7" />
<nc c="4" i="0" t="3" v="0" />
<nc c="1" i="1" t="3" v="0" />
<nc c="2" i="1" t="3" v="0" />
<nc c="3" i="1" t="3" v="4" />
<nc c="4" i="1" t="3" v="0" />
<nc c="1" i="2" t="3" v="0" />
<nc c="2" i="2" t="3" v="0" />
<nc c="3" i="2" t="3" v="4" />
<nc c="4" i="2" t="3" v="0" />
<nc c="1" i="3" t="3" v="3" />
<nc c="2" i="3" t="3" v="0" />
<nc c="3" i="3" t="3" v="5" />
<nc c="4" i="3" t="3" v="0" />
<nc c="1" i="4" t="3" v="4" />
<nc c="2" i="4" t="3" v="0" />
<nc c="3" i="4" t="3" v="6" />
<nc c="4" i="4" t="3" v="0" />
<nc c="5" i="0" t="3" v="0" />
<nc c="6" i="0" t="3" v="0" />
<nc c="5" i="1" t="3" v="0" />
<nc c="6" i="1" t="3" v="0" />
<nc c="5" i="2" t="3" v="0" />
<nc c="6" i="2" t="3" v="0" />
<nc c="5" i="3" t="3" v="0" />
<nc c="6" i="3" t="3" v="0" />
<nc c="5" i="4" t="3" v="0" />
<nc c="6" i="4" t="3" v="0" />
<nu p="p" t="3" id="2" x="8.501260537" y="-3.041012272" />
<nu p="p" t="3.169479654" id="4" x="5.090634963" y="12.30020292" />
<nu p="p" t="3.203348154" id="1" x="4.860006125" y="0.1611496486" />
<nu p="p" t="3.216907967" id="2" x="7.886563843" y="-3.198346674" />
<nu p="p" t="3.25" id="0" x="1.015218537" y="0.3543958705" />
<nu p="p" t="3.25" id="3" x="-2.112983528" y="10.81269314" />
<nu p="p" t="3.316070343" id="0" x="1.13200686" y="0.2577598456" />
<nu p="p" t="3.360101631" id="3" x="-2.374057321" y="10.87047002" />
<nu p="p" t="3.5" id="0" x="0.5964429576" y="-0.0393017745" />
<nu p="p" t="3.5" id="1" x="3.999658476" y="0.5063027959" />
<nu p="p" t="3.515798235" id="2" x="6.96082112" y="-3.576500622" />
<nu p="p" t="3.523360975" id="1" x="3.931907136" y="0.5334831898" />
<nu p="p" t="3.616396465" id="0" x="0.257521296" y="-0.2272916997" />
<nu p="p" t="3.631734761" id="4" x="5.98346191" y="12.75060279" />
<nu p="p" t="3.75" id="1" x="3.824600202" y="-0.2136992735" />
<nu p="p" t="3.75" id="2" x="7.07921214" y="-2.980620097" />
<nu p="p" t="3.75" id="3" x="-1.90545002" y="10.18154043" />
<nu p="p" t="3.75" id="4" x="6.07600044" y="12.33321303" />
<nu p="p" t="3.823605321" id="1" x="3.78975024" y="-0.4563609469" />
<nu p="p" t="3.828056386" id="3" x="-1.811636362" y="10.04361896" />
<nu p="p" t="3.892541674" id="0" x="0.8424343379" y="-1.038387707" />
<nu p="p" t="3.9012979" id="2" x="7.155694538" y="-2.59567222" />
<nu p="p" t="3.908362445" id="4" x="6.199913671" y="11.77430947" />
<nc c="1" i="0" t="4" v="7" />
<nc c="2" i="0" t="4" v="0" />
<nc c="3" i="0" t="4" v="7" />
<nc c="4" i="0" t="4" v="0" />
<nc c="1" i="1" t="4" v="0" />
<nc c="2" i="1" t="4" v="0" />
<nc c="3" i="1" t="4" v="4" />
<nc c="4" i="1" t="4" v="0" />
<nc c="1" i="2" t="4" v="0" />
<nc c="2" i="2" t="4" v="0" />
<nc c="3" i="2" t="4" v="4" />
<nc c="4" i="2" t="4" v="0" />
<nc c="1" i="3" t="4" v="4" />
<nc c="2" i="3" t="4" v="0" />
<nc c="3" i="3" t="4" v="5" />
<nc c="4" i="3" t="4" v="0" />
<nc c="1" i="4" t="4" v="4" />
<nc c="2" i="4" t="4" v="0" />
<nc c="3" i="4" t="4" v="6" />
<nc c="4" i="4" t="4" v="0" />
<nc c="5" i="0" t="4" v="0" />
<nc c="6" i="0" t="4" v="0" />
<nc c="5" i="1" t="4" v="0" />
<nc c="6" i="1" t="4" v="0" />
<nc c="5" i="2" t="4" v="0" />
<nc c="6" i="2" t="4" v="0" />
<nc c="5" i="3" t="4" v="0" />
<nc c="6" i="3" t="4" v="0" />
<nc c="5" i="4" t="4" v="0" />
<nc c="6" i="4" t="4" v="0" />
<nu p="p" t="4" id="1" x="4.011672214" y="0.09655820842" />
<pr uId="25" fId="3" fbTx="4.00005" meta-info="ns3::WifiMacHeader (DATA ToDS=0, FromDS=0, MoreFrag=0, Retry=0, MoreData=0 Duration/ID=314us, DA=00:00:00:00:00:01, SA=00:00:00:00:00:04, BSSID=00:00:00:00:00:04, FragNumber=0, SeqNumber=3) ns3::LlcSnapHeader (type 0x800) ns3::Ipv4Header (tos 0x0 DSCP Default ECN Not-ECT ttl 64 id 1 protocol 17 offset (bytes) 0 flags [none] length: 540 192.168.1.4 &gt; 192.168.1.1) ns3::UdpHeader (length: 520 49153 &gt; 20) Payload (size=512) ns3::WifiMacTrailer ()" />
<wpr uId="25" tId="4" fbRx="4.000054025" lbRx="0" />
<wpr uId="25" tId="0" fbRx="4.000054039" lbRx="0" />
<wpr uId="25" tId="1" fbRx="4.000054039" lbRx="0" />
<wpr uId="25" tId="2" fbRx="4.000054051" lbRx="0" />
<pr uId="26" fId="0" fbTx="4.004860039" meta-info="ns3::WifiMacHeader (CTL_ACK Duration/ID=0us, RA=00:00:00:00:00:04) ns3::WifiMacTrailer ()" />
<wpr uId="26" tId="1" fbRx="4.004864051" lbRx="0" />
<wpr uId="26" tId="2" fbRx="4.004864062" lbRx="0" />
<wpr uId="26" tId="3" fbRx="4.004864078" lbRx="0" />
<wpr uId="26" tId="4" fbRx="4.004864085" lbRx="0" />
<pr uId="27" fId="0" fbTx="4.005214039" meta-info="ns3::WifiMacHeader (DATA ToDS=0, FromDS=0, MoreFrag=0, Retry=0, MoreData=0 Duration/ID=314us, DA=00:00:00:00:00:04, SA=00:00:00:00:00:01, BSSID=00:00:00:00:00:01, FragNumber=0, SeqNumber=7) ns3::LlcSnapHeader (type 0x800) ns3::Ipv4Header (tos 0x0 DSCP Default ECN Not-ECT ttl 64 id 1 protocol 17 offset (bytes) 0 flags [none] length: 540 192.168.1.1 &gt; 192.168.1.4) ns3::UdpHeader (length: 520 20 &gt; 49153) Payload (size=512) ns3::WifiMacTrailer ()" />
<wpr uId="27" tId="1" fbRx="4.005218051" lbRx="0" />
<wpr uId="27" tId="2" fbRx="4.005218062" lbRx="0" />
<wpr uId="27" tId="3" fbRx="4.005218078" lbRx="0" />
<wpr uId="27" tId="4" fbRx="4.005218085" lbRx="0" />
<pr uId="28" fId="3" fbTx="4.010024078" meta-info="ns3::WifiMacHeader (CTL_ACK Duration/ID=0us, RA=00:00:00:00:00:01) ns3::WifiMacTrailer ()" />
<wpr uId="28" tId="4" fbRx="4.010028103" lbRx="0" />
<wpr uId="28" tId="0" fbRx="4.010028117" lbRx="0" />
<wpr uId="28" tId="1" fbRx="4.010028117" lbRx="0" />
<wpr uId="28" tId="2" fbRx="4.010028129" lbRx="0" />
<nu p="p" t="4.11967252" id="1" x="4.162232094" y="0.4716785298" />
<nu p="p" t="4.173613258" id="4" x="5.82168624" y="10.84859677" />
<nu p="p" t="4.17390173" id="2" x="7.80882774" y="-1.838429182" />
<nu p="p" t="4.187067263" id="3" x="-1.003661366" y="10.63283574" />
<nu p="p" t="4.25" id="4" x="6.035288288" y="10.8378816" />
<nu p="p" t="4.273096157" id="0" x="0.3068218758" y="-1.882851614" />
<nu p="p" t="4.439633202" id="3" x="-1.755990521" y="11.29162314" />
<nu p="p" t="4.455227388" id="2" x="7.619780728" y="-0.8564611444" />
<nu p="p" t="4.498975732" id="1" x="3.939293026" y="-0.5031538528" />
<nu p="p" t="4.530776553" id="4" x="6.820430388" y="10.79849562" />
<nu p="p" t="4.615590542" id="0" x="1.200200313" y="-1.433546629" />
<nu p="p" t="4.75" id="0" x="0.8630431235" y="-1.22310996" />
<nu p="p" t="4.75" id="2" x="6.950319372" y="-0.1920405026" />
<nu p="p" t="4.75" id="3" x="-1.201774808" y="10.92461648" />
<nu p="p" t="4.75" id="4" x="7.568211643" y="10.9774531" />
<nu p="p" t="4.767750122" id="2" x="6.910006873" y="-0.1520315365" />
<nu p="p" t="4.815890748" id="4" x="7.792968013" y="11.03124133" />
<nu p="p" t="4.906548758" id="3" x="-0.9222288579" y="10.73949862" />
<nu p="p" t="4.953778582" id="0" x="0.3518780989" y="-0.9040662963" />
<nu p="p" t="4.957103697" id="1" x="2.951609744" y="-0.6596202482" />
<nc c="1" i="0" t="5" v="8" />
<nc c="2" i="0" t="5" v="0" />
<nc c="3" i="0" t="5" v="8" />
<nc c="4" i="0" t="5" v="0" />
<nc c="1" i="1" t="5" v="0" />
<nc c="2" i="1" t="5" v="0" />
<nc c="3" i="1" t="5" v="4" />
<nc c="4" i="1" t="5" v="0" />
<nc c="1" i="2" t="5" v="0" />
<nc c="2" i="2" t="5" v="0" />
<nc c="3" i="2" t="5" v="4" />
<nc c="4" i="2" t="5" v="0" />
<nc c="1" i="3" t="5" v="4" />
<nc c="2" i="3" t="5" v="0" />
<nc c="3" i="3" t="5" v="6" />
<nc c="4" i="3" t="5" v="0" />
<nc c="1" i="4" t="5" v="4" />
<nc c="2" i="4" t="5" v="0" />
<nc c="3" i="4" t="5" v="6" />
<nc c="4" i="4" t="5" v="0" />
<nc c="5" i="0" t="5" v="0" />
<nc c="6" i="0" t="5" v="0" />
<nc c="5" i="1" t="5" v="0" />
<nc c="6" i="1" t="5" v="0" />
<nc c="5" i="2" t="5" v="0" />
<nc c="6" i="2" t="5" v="0" />
<nc c="5" i="3" t="5" v="0" />
<nc c="6" i="3" t="5" v="0" />
<nc c="5" i="4" t="5" v="0" />
<nc c="6" i="4" t="5" v="0" />
<nu p="p" t="5" id="2" x="6.278058186" y="0.350947525" />
<nu p="p" t="5.05530195" id="2" x="6.12758235" y="0.4707138868" />
<nu p="p" t="5.2484373" id="3" x="-0.6189607806" y="9.786593335" />
<nu p="p" t="5.25" id="0" x="1.05662842" y="-0.4028848202" />
<nu p="p" t="5.25" id="1" x="2.739046685" y="-1.297157185" />
<nu p="p" t="5.25" id="2" x="5.958357606" y="0.0697295472" />
<nu p="p" t="5.25" id="4" x="8.09193357" y="11.97945105" />
<nu p="p" t="5.252521827" id="4" x="8.09367032" y="11.98495939" />
<nu p="p" t="5.296315589" id="0" x="1.166819393" y="-0.3245227779" />
<nu p="p" t="5.392936005" id="1" x="2.635314018" y="-1.60828089" />
<nu p="p" t="5.5" id="0" x="0.7709616187" y="-0.5990700741" />
<nu p="p" t="5.5" id="2" x="5.74106634" y="-0.445150211" />
<nu p="p" t="5.502646791" id="2" x="5.738765841" y="-0.4506013274" />
<nu p="p" t="5.578641701" id="3" x="0.03585573803" y="9.03080545" />
<nu p="p" t="5.651877404" id="1" x="1.993280253" y="-2.374957252" />
<nu p="p" t="5.716282385" id="4" x="9.059603983" y="11.72616959" />
<nu p="p" t="5.719119808" id="0" x="0.3451053689" y="-0.8944228235" />
<nu p="p" t="5.75" id="2" x="6.374563376" y="0.2616471778" />
<nu p="p" t="5.761724789" id="2" x="6.404700814" y="0.2954084679" />
<nu p="p" t="5.864056546" id="3" x="0.5971117135" y="9.858447721" />
<nc c="1" i="0" t="6" v="8" />
<nc c="2" i="0" t="6" v="0" />
<nc c="3" i="0" t="6" v="8" />
<nc c="4" i="0" t="6" v="0" />
<nc c="1" i="1" t="6" v="0" />
<nc c="2" i="1" t="6" v="0" />
<nc c="3" i="1" t="6" v="4" />
<nc c="4" i="1" t="6" v="0" />
<nc c="1" i="2" t="6" v="0" />
<nc c="2" i="2" t="6" v="0" />
<nc c="3" i="2" t="6" v="4" />
<nc c="4" i="2" t="6" v="0" />
<nc c="1" i="3" t="6" v="4" />
<nc c="2" i="3" t="6" v="0" />
<nc c="3" i="3" t="6" v="6" />
<nc c="4" i="3" t="6" v="0" />
<nc c="1" i="4" t="6" v="4" />
<nc c="2" i="4" t="6" v="0" />
<nc c="3" i="4" t="6" v="6" />
<nc c="4" i="4" t="6" v="0" />
<nc c="5" i="0" t="6" v="0" />
<nc c="6" i="0" t="6" v="0" />
<nc c="5" i="1" t="6" v="0" />
<nc c="6" i="1" t="6" v="0" />
<nc c="5" i="2" t="6" v="0" />
<nc c="6" i="2" t="6" v="0" />
<nc c="5" i="3" t="6" v="0" />
<nc c="6" i="3" t="6" v="0" />
<nc c="5" i="4" t="6" v="0" />
<nc c="6" i="4" t="6" v="0" />
<nu p="p" t="6" id="0" x="1.302928648" y="-0.6361463086" />
<nu p="p" t="6" id="2" x="6.463096962" y="1.088676487" />
<nu p="p" t="6" id="3" x="1.076346965" y="9.834941622" />
<nu p="p" t="6" id="4" x="8.860914806" y="11.02632906" />
<nu p="p" t="6.002255353" id="0" x="1.310619577" y="-0.6340724539" />
<nu p="p" t="6.023813177" id="1" x="1.104292674" y="-2.832888563" />
<nu p="p" t="6.061285841" id="2" x="6.478116809" y="1.292709871" />
<nu p="p" t="6.106273004" id="4" x="8.786491173" y="10.76418758" />
<nu p="p" t="6.147383409" id="3" x="1.595910968" y="9.809457431" />
<nu p="p" t="6.25" id="0" x="0.7157841685" y="-0.2587425517" />
<nu p="p" t="6.25" id="1" x="0.8539156737" y="-2.261419999" />
<nu p="p" t="6.25" id="2" x="5.9897502" y="1.280390777" />
<nu p="p" t="6.25" id="3" x="1.444185689" y="10.05803516" />
<nu p="p" t="6.354490411" id="0" x="0.4649024761" y="-0.1004409448" />
<nu p="p" t="6.367750982" id="4" x="7.786591796" y="10.77837347" />
<nu p="p" t="6.386343756" id="1" x="0.7029902566" y="-1.916942946" />
<nu p="p" t="6.447582005" id="2" x="5.47843481" y="1.267492797" />
<nu p="p" t="6.49974645" id="3" x="1.074919379" y="10.66301924" />
<nu p="p" t="6.5" id="0" x="0.3827708334" y="0.4369330553" />
<nu p="p" t="6.5" id="4" x="7.398879224" y="11.12966996" />
<nu p="p" t="6.620524194" id="4" x="7.045540152" y="11.4498215" />
<nu p="p" t="6.622161092" id="0" x="0.3138180502" y="0.8880799186" />
<nu p="p" t="6.75" id="1" x="-0.1906780419" y="-1.799168483" />
<nu p="p" t="6.75" id="2" x="5.309335593" y="2.169175066" />
<nu p="p" t="6.75" id="3" x="1.545946186" y="9.89791912" />
<nu p="p" t="6.75" id="4" x="6.772675979" y="11.44470816" />
<nu p="p" t="6.777228299" id="2" x="5.294110692" y="2.250358312" />
<nu p="p" t="6.778280128" id="3" x="1.599174995" y="9.811458292" />
<nu p="p" t="6.789780697" id="1" x="-0.2884372538" y="-1.786285025" />
<nu p="p" t="6.950201831" id="0" x="-0.05567969697" y="-0.04115170634" />
<nc c="1" i="0" t="7" v="8" />
<nc c="2" i="0" t="7" v="0" />
<nc c="3" i="0" t="7" v="8" />
<nc c="4" i="0" t="7" v="0" />
<nc c="1" i="1" t="7" v="0" />
<nc c="2" i="1" t="7" v="0" />
<nc c="3" i="1" t="7" v="4" />
<nc c="4" i="1" t="7" v="0" />
<nc c="1" i="2" t="7" v="0" />
<nc c="2" i="2" t="7" v="0" />
<nc c="3" i="2" t="7" v="4" />
<nc c="4" i="2" t="7" v="0" />
<nc c="1" i="3" t="7" v="4" />
<nc c="2" i="3" t="7" v="0" />
<nc c="3" i="3" t="7" v="6" />
<nc c="4" i="3" t="7" v="0" />
<nc c="1" i="4" t="7" v="4" />
<nc c="2" i="4" t="7" v="0" />
<nc c="3" i="4" t="7" v="6" />
<nc c="4" i="4" t="7" v="0" />
<nc c="5" i="0" t="7" v="0" />
<nc c="6" i="0" t="7" v="0" />
<nc c="5" i="1" t="7" v="0" />
<nc c="6" i="1" t="7" v="0" />
<nc c="5" i="2" t="7" v="0" />
<nc c="6" i="2" t="7" v="0" />
<nc c="5" i="3" t="7" v="0" />
<nc c="6" i="3" t="7" v="0" />
<nc c="5" i="4" t="7" v="0" />
<nc c="6" i="4" t="7" v="0" />
<nu p="p" t="7" id="1" x="0.2396853721" y="-2.337657234" />
<nu p="p" t="7" id="2" x="5.552146467" y="1.708526998" />
<nu p="p" t="7" id="3" x="0.8054771481" y="9.84932446" />
<nu p="p" t="7.057313231" id="3" x="0.6003111084" y="9.859112632" />
<nu p="p" t="7.065118801" id="1" x="0.4032798265" y="-2.50845362" />
<nu p="p" t="7.094947335" id="4" x="6.04571569" y="11.43108529" />
<nu p="p" t="7.148430114" id="2" x="5.724072611" y="1.347511289" />
<nu p="p" t="7.25" id="0" x="-0.8976809397" y="0.1545183424" />
<nu p="p" t="7.25" id="1" x="1.106788007" y="-2.447059727" />
<nu p="p" t="7.25" id="3" x="0.610328565" y="10.33107997" />
<nu p="p" t="7.297014683" id="0" x="-1.029724513" y="0.1852035375" />
<nu p="p" t="7.326922709" id="1" x="1.399493568" y="-2.42151584" />
<nu p="p" t="7.421629553" id="4" x="6.864793935" y="10.85740347" />
<nu p="p" t="7.46548423" id="3" x="0.6215312227" y="10.85888746" />
<nu p="p" t="7.5" id="2" x="6.421826521" y="1.232668738" />
<nu p="p" t="7.5" id="4" x="7.028541804" y="10.79788998" />
<nu p="p" t="7.64560049" id="2" x="6.71079698" y="1.185107407" />
<nu p="p" t="7.66624906" id="0" x="-1.134885595" y="1.179658737" />
<nu p="p" t="7.716032183" id="1" x="2.29492135" y="-2.866722629" />
<nu p="p" t="7.75" id="0" x="-1.302000438" y="0.9455947355" />
<nu p="p" t="7.75" id="2" x="7.01167968" y="1.222608454" />
<nu p="p" t="7.75" id="3" x="-0.05884774043" y="10.37542367" />
<nu p="p" t="7.806361592" id="3" x="-0.1936284646" y="10.27965116" />
<nu p="p" t="7.871446305" id="4" x="7.804644829" y="10.5158185" />
<nu p="p" t="7.957456149" id="0" x="-1.715954022" y="0.3658040316" />
<nu p="p" t="7.989913902" id="2" x="7.703119156" y="1.308787236" />
<nc c="1" i="0" t="8" v="8" />
<nc c="2" i="0" t="8" v="0" />
<nc c="3" i="0" t="8" v="8" />
<nc c="4" i="0" t="8" v="0" />
<nc c="1" i="1" t="8" v="0" />
<nc c="2" i="1" t="8" v="0" />
<nc c="3" i="1" t="8" v="4" />
<nc c="4" i="1" t="8" v="0" />
<nc c="1" i="2" t="8" v="0" />
<nc c="2" i="2" t="8" v="0" />
<nc c="3" i="2" t="8" v="4" />
<nc c="4" i="2" t="8" v="0" />
<nc c="1" i="3" t="8" v="4" />
<nc c="2" i="3" t="8" v="0" />
<nc c="3" i="3" t="8" v="6" />
<nc c="4" i="3" t="8" v="0" />
<nc c="1" i="4" t="8" v="4" />
<nc c="2" i="4" t="8" v="0" />
<nc c="3" i="4" t="8" v="6" />
<nc c="4" i="4" t="8" v="0" />
<nc c="5" i="0" t="8" v="0" />
<nc c="6" i="0" t="8" v="0" />
<nc c="5" i="1" t="8" v="0" />
<nc c="6" i="1" t="8" v="0" />
<nc c="5" i="2" t="8" v="0" />
<nc c="6" i="2" t="8" v="0" />
<nc c="5" i="3" t="8" v="0" />
<nc c="6" i="3" t="8" v="0" />
<nc c="5" i="4" t="8" v="0" />
<nc c="6" i="4" t="8" v="0" />
<nu p="p" t="8" id="1" x="2.819789605" y="-3.349628333" />
<nu p="p" t="8.101470928" id="3" x="-1.188346691" y="10.38229449" />
<nu p="p" t="8.114180447" id="1" x="3.030833563" y="-3.543799594" />
<nu p="p" t="8.150204057" id="4" x="7.426318398" y="9.590146246" />
<nu p="p" t="8.240153688" id="2" x="7.178764765" y="0.4572871044" />
<nu p="p" t="8.25" id="0" x="-1.923691869" y="-0.3436338215" />
<nu p="p" t="8.353198879" id="0" x="-1.99697426" y="-0.5938978106" />
<nu p="p" t="8.408818381" id="4" x="6.594102059" y="9.035695202" />
<nu p="p" t="8.5" id="1" x="4.001515618" y="-3.518041654" />
<nu p="p" t="8.5" id="2" x="6.40788223" y="1.036744542" />
<nu p="p" t="8.5" id="3" x="-1.054825596" y="9.427748103" />
<nu p="p" t="8.5" id="4" x="6.748968652" y="8.890280562" />
<nu p="p" t="8.509597299" id="2" x="6.379410053" y="1.058146525" />
<nu p="p" t="8.511513213" id="1" x="4.030481671" y="-3.517273013" />
<nu p="p" t="8.514951646" id="3" x="-1.049816275" y="9.391936312" />
<nu p="p" t="8.679432414" id="0" x="-1.096072596" y="-1.027921073" />
<nu p="p" t="8.75" id="0" x="-0.9631436389" y="-1.11149482" />
<nu p="p" t="8.75" id="1" x="3.899003897" y="-4.228438761" />
<nu p="p" t="8.75" id="2" x="5.881491859" y="0.7596388391" />
<nu p="p" t="8.75" id="3" x="-0.2421546282" y="9.109173977" />
<nu p="p" t="8.75" id="4" x="7.173578881" y="8.491585513" />
<nu p="p" t="8.789627851" id="3" x="-0.1059873467" y="9.061501813" />
<nu p="p" t="8.838037505" id="4" x="7.323105382" y="8.351185044" />
<nu p="p" t="8.84127139" id="1" x="3.848685977" y="-4.500609337" />
<nu p="p" t="8.923697528" id="2" x="5.521732342" y="0.5439588703" />
<nc c="1" i="0" t="9" v="8" />
<nc c="2" i="0" t="9" v="0" />
<nc c="3" i="0" t="9" v="8" />
<nc c="4" i="0" t="9" v="0" />
<nc c="1" i="1" t="9" v="0" />
<nc c="2" i="1" t="9" v="0" />
<nc c="3" i="1" t="9" v="4" />
<nc c="4" i="1" t="9" v="0" />
<nc c="1" i="2" t="9" v="0" />
<nc c="2" i="2" t="9" v="0" />
<nc c="3" i="2" t="9" v="4" />
<nc c="4" i="2" t="9" v="0" />
<nc c="1" i="3" t="9" v="4" />
<nc c="2" i="3" t="9" v="0" />
<nc c="3" i="3" t="9" v="6" />
<nc c="4" i="3" t="9" v="0" />
<nc c="1" i="4" t="9" v="4" />
<nc c="2" i="4" t="9" v="0" />
<nc c="3" i="4" t="9" v="6" />
<nc c="4" i="4" t="9" v="0" />
<nc c="5" i="0" t="9" v="0" />
<nc c="6" i="0" t="9" v="0" />
<nc c="5" i="1" t="9" v="0" />
<nc c="6" i="1" t="9" v="0" />
<nc c="5" i="2" t="9" v="0" />
<nc c="6" i="2" t="9" v="0" />
<nc c="5" i="3" t="9" v="0" />
<nc c="6" i="3" t="9" v="0" />
<nc c="5" i="4" t="9" v="0" />
<nc c="6" i="4" t="9" v="0" />
<nu p="p" t="9" id="1" x="4.311466529" y="-4.680335787" />
<nu p="p" t="9" id="3" x="0.3820667065" y="9.34129556" />
<nu p="p" t="9.128855718" id="0" x="-0.2494888536" y="-1.560176621" />
<nu p="p" t="9.160995539" id="1" x="4.780856416" y="-4.862629052" />
<nu p="p" t="9.163578436" id="3" x="0.7615614215" y="9.558853937" />
<nu p="p" t="9.17756226" id="4" x="8.262390388" y="8.008047056" />
<nu p="p" t="9.25" id="1" x="4.725675254" y="-5.06578055" />
<nu p="p" t="9.25" id="2" x="4.804195974" y="0.8312019852" />
<nu p="p" t="9.345879548" id="2" x="4.593357661" y="0.9156044718" />
<nu p="p" t="9.444030496" id="0" x="-1.058493729" y="-0.9723746892" />
<nu p="p" t="9.469726836" id="4" x="8.094278073" y="8.993814904" />
<nu p="p" t="9.5" id="0" x="-1.101516905" y="-1.172268103" />
<nu p="p" t="9.5" id="2" x="4.528018308" y="1.287088827" />
<nu p="p" t="9.5" id="3" x="1.424641922" y="9.769508703" />
<nu p="p" t="9.583794574" id="1" x="4.518728633" y="-5.827662225" />
<nu p="p" t="9.647124868" id="3" x="1.714622237" y="9.861632865" />
<nu p="p" t="9.717758883" id="0" x="-1.268905895" y="-1.949987455" />
<nu p="p" t="9.75" id="0" x="-1.226680679" y="-2.052109396" />
<nu p="p" t="9.75" id="4" x="7.291863887" y="8.719483541" />
<nu p="p" t="9.754484689" id="2" x="4.420129544" y="1.900486201" />
<nu p="p" t="9.800232536" id="4" x="7.14804955" y="8.670315936" />
<nu p="p" t="9.923756558" id="3" x="1.98359151" y="8.898484108" />
<nc c="1" i="0" t="10" v="8" />
<nc c="2" i="0" t="10" v="0" />
<nc c="3" i="0" t="10" v="8" />
<nc c="4" i="0" t="10" v="0" />
<nc c="1" i="1" t="10" v="0" />
<nc c="2" i="1" t="10" v="0" />
<nc c="3" i="1" t="10" v="4" />
<nc c="4" i="1" t="10" v="0" />
<nc c="1" i="2" t="10" v="0" />
<nc c="2" i="2" t="10" v="0" />
<nc c="3" i="2" t="10" v="4" />
<nc c="4" i="2" t="10" v="0" />
<nc c="1" i="3" t="10" v="4" />
<nc c="2" i="3" t="10" v="0" />
<nc c="3" i="3" t="10" v="6" />
<nc c="4" i="3" t="10" v="0" />
<nc c="1" i="4" t="10" v="4" />
<nc c="2" i="4" t="10" v="0" />
<nc c="3" i="4" t="10" v="6" />
<nc c="4" i="4" t="10" v="0" />
<nc c="5" i="0" t="10" v="0" />
<nc c="6" i="0" t="10" v="0" />
<nc c="5" i="1" t="10" v="0" />
<nc c="6" i="1" t="10" v="0" />
<nc c="5" i="2" t="10" v="0" />
<nc c="6" i="2" t="10" v="0" />
<nc c="5" i="3" t="10" v="0" />
<nc c="6" i="3" t="10" v="0" />
<nc c="5" i="4" t="10" v="0" />
<nc c="6" i="4" t="10" v="0" />
<nu p="p" t="10" id="0" x="-0.8992632371" y="-2.843970463" />
<nu p="p" t="10" id="1" x="3.939285295" y="-5.151192441" />
<nu p="p" t="10" id="2" x="5.006646838" y="2.021878344" />
<nu p="p" t="10" id="3" x="2.12948642" y="9.027683661" />
<nu p="p" t="10" id="4" x="6.553667408" y="8.891100006" />
<nu p="p" t="10.00951447" id="0" x="-0.8868024287" y="-2.874107004" />
<nu p="p" t="10.05106787" id="1" x="3.868188348" y="-5.068190475" />
<nu p="p" t="10.11529193" id="4" x="6.210631257" y="9.018521259" />
<nu p="p" t="10.16439565" id="2" x="5.399375472" y="2.103161831" />
<nu p="p" t="10.25" id="0" x="-1.348034437" y="-2.072092099" />
<nu p="p" t="10.25" id="1" x="3.692498957" y="-4.314523487" />
<nu p="p" t="10.25" id="4" x="5.813490228" y="9.080685657" />
<nu p="p" t="10.26944751" id="0" x="-1.385333205" y="-2.007235004" />
<nu p="p" t="10.30812803" id="1" x="3.641162461" y="-4.094301752" />
<nu p="p" t="10.31499121" id="3" x="2.732234836" y="9.561457087" />
<nu p="p" t="10.42844775" id="2" x="4.888041578" y="2.962543963" />
<nu p="p" t="10.45040591" id="4" x="5.222661422" y="9.173167961" />
<nu p="p" t="10.601287" id="3" x="1.953703405" y="10.1890627" />
<nu p="p" t="10.60634527" id="1" x="3.07555043" y="-4.91897322" />
<nu p="p" t="10.68313539" id="0" x="-1.272689307" y="-3.000870426" />
<nu p="p" t="10.69549597" id="2" x="4.940850698" y="1.963939338" />
<nu p="p" t="10.75" id="2" x="4.901992785" y="2.092987208" />
<nu p="p" t="10.75" id="3" x="1.978130622" y="9.779067413" />
<nu p="p" t="10.75" id="4" x="5.464877956" y="8.592304068" />
<nu p="p" t="10.91293612" id="1" x="3.380109509" y="-3.966479773" />
<nu p="p" t="10.92644907" id="4" x="5.607533915" y="8.250198209" />
<nu p="p" t="10.96336375" id="3" x="2.013177202" y="9.190832837" />
<nu p="p" t="11" id="0" x="-0.9323265538" y="-3.774611713" />
<nu p="p" t="11.05799256" id="0" x="-0.8700333676" y="-3.916221832" />
<nu p="p" t="11.09991479" id="2" x="4.652525762" y="2.921471964" />
<nu p="p" t="11.21405586" id="4" x="6.459475113" y="7.726560741" />
<nu p="p" t="11.25" id="0" x="-1.175200893" y="-3.544593937" />
<nu p="p" t="11.25" id="3" x="1.965285118" y="9.938587152" />
<nu p="p" t="11.34590938" id="3" x="1.949260279" y="10.18878806" />
<nu p="p" t="11.35159635" id="1" x="4.151446594" y="-3.330052951" />
<nu p="p" t="11.4572856" id="0" x="-1.504650789" y="-3.143395379" />
<nu p="p" t="11.4581611" id="2" x="3.709841121" y="2.587786978" />
<nu p="p" t="11.48844286" id="4" x="7.437311709" y="7.935930255" />
<nu p="p" t="11.5" id="1" x="4.504630259" y="-2.951108303" />
<nu p="p" t="11.5" id="3" x="2.553129908" y="10.17522335" />
<nu p="p" t="11.60101703" id="3" x="2.949008081" y="10.16633075" />
<nu p="p" t="11.63808254" id="1" x="4.833250875" y="-2.598518318" />
<nu p="p" t="11.75" id="2" x="4.346581275" y="3.103538754" />
<nu p="p" t="11.75" id="3" x="3.461089368" y="10.29197118" />
<nu p="p" t="11.75" id="4" x="8.085062855" y="7.685962482" />
<nu p="p" t="11.81431709" id="2" x="4.486909624" y="3.217203009" />
<nu p="p" t="11.81849565" id="0" x="-1.177907593" y="-4.088508537" />
<nu p="p" t="11.86515844" id="4" x="8.370254888" y="7.57590661" />
<nu p="p" t="11.88357286" id="3" x="3.92020331" y="10.40461594" />
</anim>
